{
  "x_gain": 1.4110131528372027,
  "vx_gain": 1.8284784112722046,
  "angle_gain": 0.8864601726297753,
  "angular_velocity_gain": 1.6591566991195585,
  "hover_x_gain": 0.6357632768418695,
  "hover_y_gain": 0.5885335545881193,
  "vy_gain": 0.535558431105525,
  "leg_vy_gain": 1.2488759369590154,
  "main_threshold": 0.06708109186649225,
  "side_threshold": 0.12793433697687986
}