{
  "x_gain": 0.6942815266431424,
  "vx_gain": 1.574284245094903,
  "angle_gain": 0.7071551704298846,
  "angular_velocity_gain": 1.2527228966456825,
  "hover_x_gain": 0.6680882252266581,
  "hover_y_gain": 0.16601037711590347,
  "vy_gain": 0.3787134140131259,
  "leg_vy_gain": 0.027898553828984977,
  "main_threshold": 0.014547599771968348,
  "side_threshold": 0.06647782973403926
}